Date	Type	ID	Title	Location1	Location2	Description	Area	Bedrooms	Legal	WC	House orientation	Furniture	Price
11/10/2024	Tin Th∆∞·ªùng	121355	nh√† m·∫∑t ti·ªÅn cho thu√™ nguy√™n cƒÉn	Qu·∫≠n 10 , H·ªì Ch√≠ Minh	L√ä H·ªíNG PHONG	"nh√† m·∫∑t ti·ªÅn cho thu√™ nguy·ªÖn cƒÉn, v·ªâa h√® r·ªông, ƒë·ªëi di·ªán VI·ªÜT NAM QU·ªêC T·ª∞
Khu kinh doanh s·∫ßm u·∫•t, ƒëa ng√†nh ngh·ªÅ
LI√äN H·ªÜ : A HOAN 0.9.1.3.1.6.7.8.0.5."	80	19	M·ª©c gi√°	19	nan	n·ªôi th·∫•t ƒë·∫ßy ƒë·ªß	100 tri·ªáu/th√°ng
11/10/2024	Tin Th∆∞·ªùng	121350	B√ÅN NH√Ä RI√äNG QU·∫¨N 10 ‚Äì 38M2 ‚Äì 4 T·∫¶NG HCƒê ‚Äì H·∫∫M 3M ‚Äì CH·ªà 4.X T·ª∂	Qu·∫≠n 10 , H·ªì Ch√≠ Minh	Ph∆∞·ªùng 14, Qu·∫≠n 10, H·ªì Ch√≠ Minh	"‚Ä¢ Di·ªán t√≠ch: 38m2, 4 t·∫ßng ki√™n c·ªë (BTCT) Ho√†n c√¥ng ƒë·ªß 3 PN
‚Ä¢ H·∫ªm 3m, c√°ch 20m ra h·∫ªm xe t·∫£i.
‚Ä¢ Ph√°p l√Ω r√µ r√†ng, c√¥ng ch·ª©ng trong ng√†y.
‚Ä¢ Gi√°: 4.45 t·ª∑ th∆∞∆°ng l∆∞·ª£ng kh√°ch thi·ªán ch√≠.
‚Ä¢ L/H: #Th·ªãnh_0986.099.894 xem nh√†"	38	2	S·ªï ƒë·ªè/ S·ªï h·ªìng	2	nan	N·ªôi th·∫•t c∆° b·∫£n	4 t·ª∑ 450 tri·ªáu
11/10/2024	Tin Th∆∞·ªùng	121346	CƒÇN H·ªò D·ªäCH V·ª§ GI√Å R·∫∫ TRUNG T√ÇM PH∆Ø·ªúNG B√åNH TR∆ØNG T√ÇY, TP.TH·ª¶ ƒê·ª®C	Qu·∫≠n 2 , H·ªì Ch√≠ Minh	25/19 ƒê∆∞·ªùng 38 ph∆∞·ªùng B√¨nh tr∆∞ng t√¢y, th√†nh ph·ªë th·ªß ƒë·ª©c	"Di·ªán t√≠ch: 35- 40m2; Gi√° thu√™: 4,5tr-5tr/th√°ng (t∆∞∆°ng ·ª©ng di·ªán t√≠ch v√† ti·ªán √≠ch ph√≤ng, m·ªói ph√≤ng t·ªëi ƒëa 4 -5 ng∆∞·ªùi).
+ ƒê·∫∑t c·ªçc 1 th√°ng + tr·∫£ tr∆∞·ªõc 1 th√°ng
+ ƒêi·ªán ch√≠nh c√≥ ƒë·ªìng h·ªì ri√™ng t·ª´ng ph√≤ng, n∆∞·ªõc 100k/ng∆∞·ªùi, ph√≠ d·ªãch v·ª• ch·ªâ t√≠nh ng∆∞·ªùi l·ªõn 200.000k/ng∆∞·ªùi (gi·∫∑t ƒë·ªì, v·ªá sinh, r√°c, an ninh, camera, gi·ªØ xe‚Ä¶)
+ Ph√≤ng tr·ªëng kh√¥ng n·ªôi th·∫•t, c√≥ wc ri√™ng t·ª´ng ph√≤ng, c√≥ ban c√¥ng ri√™ng, h·∫ªm xe h∆°i, n·∫±m trong khu d√¢n c∆∞ vƒÉn minh, y√™n tƒ©nh
+ Ph√≤ng tho√°ng m√°t, s·∫°ch s·∫Ω, FREE WIFE, t·∫ßng h·∫ßm g·ª≠i xe r·ªông r√£i c√≥ camera quan s√°t.
+ Khu trung t√¢m ti·ªán √≠ch ƒë·∫ßy ƒë·ªß: g·∫ßn si√™u th·ªã,ch·ª£ truy·ªÅn th·ªëng, b·ªánh vi·ªán, tr∆∞·ªùng h·ªçc. Xung quanh c√≥ t·ªï h·ª£p ƒÉn u·ªëng, gym, qu√°n cafe, ti·ªán √≠ch nhu y·∫øu ph·∫©m,‚Ä¶Giao th√¥ng di chuy√™Ãân thu√¢Ã£n ti√™Ã£n c√°ch C·∫ßu Gi·ªìng √¥ng T·ªë 500m.
+ Gi·ªù gi·∫•c t·ª± do, kh√¥ng chung ch·ªß, ra v√†o kh√≥a v√¢n tay, an ninh t·ªët th√≠ch h·ª£p cho sinh vi√™n, nh√¢n vi√™n vƒÉn ph√≤ng, gia ƒë√¨nh nh·ªè thu√™ ·ªü .
ƒê·ªãa ch·ªâ: 25/19, ƒê∆∞·ªùng 38, Ph∆∞·ªùng B√¨nh Tr∆∞ng T√¢y, TP.Th·ªß ƒê·ª©c, HCM (ƒë·ªëi di·ªán trung t√¢m y t·∫ø qu·∫≠n 2 ‚Äì ngay c√¢y xƒÉng Nguy·ªÖn Duy Trinh (ch·ª£ Gi·ªìng √îng T·ªë)
Li√™n h·ªá ch√≠nh ch·ªß ƒêT/ZALO: 0978473249 (ph∆∞∆°ng)"	35	nan	M·ª©c gi√°	nan	nan	nan	4 tri·ªáu 500 ngh√¨n/th√°ng
09/10/2024	Tin Th∆∞·ªùng	121314	G·∫§P B√ÅN NH√Ä NGUY·ªÑN NG·ªåC L·ªòC - QU·∫¨N 10 - 4 T·∫ßng ‚Äì 38m2‚Äì H·∫∫M 3M - CH·ªà 4.X T·ª∂	Qu·∫≠n 10 , H·ªì Ch√≠ Minh	Nguy·ªÖn Ng·ªçc L·ªôc Qu·∫≠n 10	"- M√¥ t·∫£:
‚Ä¢ Di·ªán t√≠ch: G·∫ßn 40m2, 4 t·∫ßng ki√™n c·ªë (BTCT) ‚Äì 4 ph√≤ng ng·ªß ·∫•m c√∫ng.
‚Ä¢ V·ªã tr√≠: Trung t√¢m Qu·∫≠n 10, g·∫ßn ƒê·∫°i h·ªçc Hoa Sen v√† s√¢n v·∫≠n ƒë·ªông Ph√∫ Th·ªç.
- Ti·ªán √≠ch xung quanh:
‚Ä¢ H·∫ªm tr∆∞·ªõc nh√† r·ªông 3m, y√™n tƒ©nh v√† an ninh.
‚Ä¢ G·∫ßn c√°c tr∆∞·ªùng h·ªçc, b·ªánh vi·ªán, h·ªì b∆°i, si√™u th·ªã‚Ä¶.
-Ph√°p l√Ω v√† gi√° b√°n:
‚Ä¢ Ho√†n c√¥ng ƒë·∫ßy ƒë·ªß, ph√°p l√Ω r√µ r√†ng ‚Äì ng√¢n h√†ng h·ªó tr·ª£ vay h∆°n 4 t·ª∑.
‚Ä¢ Gi√° b√°n: 4.65 t·ª∑ ƒë·ªìng (c√≥ th∆∞∆°ng l∆∞·ª£ng cho kh√°ch thi·ªán ch√≠).
‚Ä¢ üìû Li√™n h·ªá ngay ƒë·ªÉ xem nh√†: #Th·ªãnh_0845.999.975"	38	2	S·ªï ƒë·ªè/ S·ªï h·ªìng	2	nan	N·ªôi th·∫•t c∆° b·∫£n	4 t·ª∑ 450 tri·ªáu
09/10/2024	Tin Th∆∞·ªùng	121323	‚òòÔ∏è‚òòÔ∏è‚òòÔ∏èCh·ªß C·∫ßn Ti·ªÅn B√°n G·∫•p cƒÉn NH√Ä ƒê·∫∏P ƒë∆∞·ªùng s·ªë 21 P8 Q.G√≤ V·∫•p- Gi√° 8,29t·ª∑ th∆∞·ª£ng l∆∞·ª£ng	G√≤ V·∫•p , H·ªì Ch√≠ Minh	ƒê∆∞∆°ng s·ªë 21	"‚ñ™Ô∏è H∆∞·ªõng : ƒê√¥ng Nam ,
‚ñ™Ô∏è K·∫øt c·∫•u : 1 tr·ªát 3 l·∫ßu s√¢n th∆∞·ª£ng g·ªìm 1 s√¢n v∆∞·ªùn r·ªông gara xe h∆°i ph√≤ng kh√°ch b·∫øp 3 pn trong ƒë√≥ 1 pn master 5 tolet ph√≤ng th·ªù s√¢n th∆∞·ª£ng tr∆∞·ªõc sau,
‚ñ™Ô∏è ƒê∆∞·ªùng : 5m xe h∆°i v√†o nh√† nh√† ƒë·∫≠u ƒë∆∞·ª£c 2 chi·∫øc,
‚ñ™Ô∏è Di·ªán t√≠ch : Ngang 4.5m d√†i 13m,
‚ñ™Ô∏è Ph√°p l√Ω : S·ªï h·ªìng ri√™ng,
‚ñ™Ô∏è N·ªôi th·∫•t b√†n giao : Full option ,
,
üåπ V·ªã tr√≠: G·∫ßn Ng√£ 3 T√¢n S∆°n va Quang Trung ,
,,,
üåπPh√°p L√Ω: s·ªï h·ªìng ri√™ng, c√¥ng ch·ª©ng ngay.,"	50	4	S·ªï ƒë·ªè/ S·ªï h·ªìng	3	nan	nan	7 t·ª∑ 900 tri·ªáu
08/10/2024	Tin Th∆∞·ªùng	121276	NH√Ä NH·ªé QU·∫¨N 3 ‚Äì 23M2 ‚Äì HO√ÄNG SA ‚Äì 2 T·∫¶NG ‚Äì S√ÅT M·∫∂T TI·ªÄN ‚Äì 2.X T·ª∂	Qu·∫≠n 3 , H·ªì Ch√≠ Minh	Ho√†ng Sa, Qu·∫≠n 3	"- Nh√† 1 tr·ªát, 1 l·∫ßu. C√°ch 3 cƒÉn ra m·∫∑t ti·ªÅn Ho√†ng Sa.
- ƒêang c√≥ d√≤ng ti·ªÅn cho thu√™ 7tr/th√°ng.
- S·ªï r√µ r√†ng, HCƒê.
- Ch·ªâ 2.75 t.·ª∑ TL ng∆∞·ªùi thi·ªán ch√≠.
- L/H: #Th·ªãnh_0986099894 xem nh√†."	23	2	S·ªï ƒë·ªè/ S·ªï h·ªìng	2	nan	nan	2 t·ª∑ 750 tri·ªáu
21/07/2024	Tin Th∆∞·ªùng	115811	#b√°n_g·∫•p B√°n cƒÉn Shophouse m·∫∑t ti·ªÅn ƒë∆∞·ªùng Qu√°ch ƒêi√™u n·ªëi d√†i	B√¨nh Ch√°nh , H·ªì Ch√≠ Minh	B√¨nh ch√°nh HCM	"Di·ªán t√≠ch: 125m2
K·∫øt c·∫•u: 1 tr·ªát 3 l·∫ßu, g√°c l·ª©ng, 6PN, 3WC.
V·ªã tr√≠ c·ª±c n√©t: Ngay m·∫∑t ti·ªÅn ƒë∆∞·ªùng Qu√°ch ƒêi√™u n·ªëi d√†i.
Ti·ªán √≠ch bao quanh kh√¥ng thi·∫øu m·ªôt th·ª© g√¨: #ch·ª£, tr∆∞·ªùng h·ªçc, b·ªánh vi·ªán, ng√¢n h√†ng....
H·ªá th·ªëng giao th√¥ng: thu·∫≠n ti·ªán ƒëi v·ªÅ c√°c h∆∞·ªõng trong th√†nh ph·ªë, v√† c√°c khu v·ª±c l√¢n c·∫≠n.
S·ªï h·ªìng c√¥ng ch·ª©ng sang t√™n trong v√≤ng 1n·ªët nh·∫°c.
Kh√°ch h√†ng t√†i ch√≠nh kh√¥ng ƒë·ªß bank h·ªï tr·ª£.
Li√™n h·ªá ngay: 0935218356 - 0931828081 xem nh√† v√† l√†m vi·ªác tr·ª±c ti·∫øp.
#letrangland #nhaphobinhchanh #nhaphogiare #Chinhchucanban"	75	6	S·ªï ƒë·ªè/ S·ªï h·ªìng	4	nan	nan	7 t·ª∑
21/07/2024	M√£ tin	115813	B√ÅN NH√Ä SI√äU ƒê·∫∏P T·∫†I QU·∫¨N 7 . 52M2 ,GI√Å NH·ªàNH 5 T·ª∂	Qu·∫≠n 7 , H·ªì Ch√≠ Minh	NGUY·ªÑN TH·ªä TH·∫¨P , QU·∫¨N 7	"B√ÅN NH√Ä SI√äU ƒê·∫∏P T·∫†I QU·∫¨N 7 . 52M2 ,GI√Å NH·ªàNH 5 T·ª∂
üìçV·ªã tr√≠ ƒë·∫πp ,ng√¢y trung t√¢m, 2 ph√∫t ƒë·∫øn Ph√∫ M·ªπ H∆∞ng.5 ph√∫t qua qu·∫≠n 1, qu·∫≠n 5 , qu·∫≠n 8
üí¢ Nh√† m·ªõi full n·ªôi th·∫•t c·ª±c ƒë·∫πp. S√°ch vali v√†o ·ªü lu√¥n.
üí¢ K·∫øt c·∫•u 2 t·∫ßng ,2 ph√≤ng ng·ªß ,3 wc.
üöò Xe h∆°i ƒë·∫≠u c√°ch nh√† v√†i cƒÉn, s√¢n r·ªông ƒë·∫≠u ƒë∆∞·ª£c nhi·ªÅu xe m√°y.
üìï S·ªï vu√¥ng A4 ho√†n c√¥ng
‚òéÔ∏èLi√™n h·ªá H·∫±ng xem nh√† , mi·ªÖn trung gian..."	52	2	S·ªï ƒë·ªè/ S·ªï h·ªìng	3	nan	nan	5 t·ª∑ 380 tri·ªáu
21/07/2024	Tin Th∆∞·ªùng	115814	Cho thu√™ NNC ƒêi·ªán Bi√™n Ph·ªß B√¨nh Th·∫°nh ngang 8,5m. Gi√° 20tr	B√¨nh Th·∫°nh , H·ªì Ch√≠ Minh	ƒê∆∞·ªùng ƒêi·ªán Bi√™n Ph·ªß, 21	"Cho thu√™ NNC ƒêi·ªán Bi√™n Ph·ªß, Ph∆∞·ªùng 21, Qu·∫≠n B√¨nh Th·∫°nh
- Di·ªán t√≠ch: 8.5 x 6m
- K·∫øt c·∫•u: 1 Tr·ªát 2 L·∫ßu ƒê√∫c, 2 s√¢n th∆∞·ª£ng, 3 Ph√≤ng ng·ªß l·ªõn.
- ƒê·∫ßy ƒë·ªß n·ªôi th·∫•t cao c·∫•p b√†n giao t·∫•t c·∫£
- V·ªã tr√≠ ƒë·∫Øc ƒë·ªãa ngay trung t√¢m B√¨nh Th·∫°nh.
- Thu·∫≠n ti·ªán di chuy·ªÉn c√°c qu·∫≠n trung t√¢m l√¢n c·∫≠n nh∆∞ Q1, Q3, Q10, Ph√∫ Nhu·∫≠n v.v ‚Ä¶
- Gi√° thu√™: 20 tri·ªáu/ th√°ng
+++ Li√™n h·ªá Th·∫£o xem nh√† tr·ª±c ti·∫øp 24/7"	51	3	S·ªï ƒë·ªè/ S·ªï h·ªìng	3	nan	nan	20 tri·ªáu/th√°ng
21/07/2024	Tin Th∆∞·ªùng	115817	ti·∫øn Anh - ƒëi n∆∞·ªõc ngo√†i g·∫•p b√°n nh√† ( Nguy·ªÖn Tr·ªçng Tuy·ªÉn ) 25m2, 2 T·∫ßng, 2PN ch·ªâ 5 t·ª∑ 5	Ph√∫ Nhu·∫≠n , H·ªì Ch√≠ Minh	ƒê∆∞·ªùng Nguy·ªÖn Tr·ªçng Tuy·ªÉn, 1	"Ch√≠nh Ch·ªß g·∫•p b√°n nh√† ( Tr∆∞∆°ng Qu·ªëc Dung ) , h·∫ªm th√¥ng , 25m2, 2 T·∫ßng, 2PN ch·ªâ 5 t·ª∑ 5


M√¥ t·∫£:
üëâƒê∆∞·ªùng tr∆∞·ªõc nh√†: 4m.
üëâK·∫øt c·∫•u: , 2 t·∫ßng 1 tr·ªát, 1 l·∫ßu, 2 ph√≤ng ng·ªß , 2WC.
üëâC√¥ng nƒÉng: nh√† ngay ch·ª£ th·ªã ngh√® , h√†ng xanh , h·∫ªm l·ªãch s·ª±
üëâNg√¢n h√†ng h·ªó tr·ª£ vay 3 t·ª∑.
üí∞ 5 t·ª∑ 5 ( KH√ÅCH THI·ªÜN CH√ç TH∆Ø∆†NG L∆Ø·ª¢NG CH√çNH CH·ª¶ )
Hu·ª≥nh Thanh Ti·∫øn Anh 0707046323"	25	2	S·ªï ƒë·ªè/ S·ªï h·ªìng	2	nan	nan	5 t·ª∑ 500 tri·ªáu
22/07/2024	Tin Th∆∞·ªùng	115827	B√°n nh√† 2.6 t·ª∑ L√Ω Th∆∞·ªùng Ki·ªát Q10, NH√Ä ƒê·∫∏P 3 T·∫¶NG, khu an ninh, y√™n tƒ©nh. Nh√† ƒë·∫πp ·ªü ngay	Qu·∫≠n 10 , H·ªì Ch√≠ Minh	ƒê∆∞·ªùng L√Ω Th∆∞·ªùng Ki·ªát, 14	"+ K·∫øt c·∫•u: Nh√† 3 t·∫ßng, 3WC, c√≥ th·ªÉ ·ªü ngay.

+ Khu an ninh, y√™n tƒ©nh, d√¢n tr√≠, h·∫ªm th√¥ng t·ª© tung.

+ V·ªã tr√≠ k·∫ø T√¥ Hi·∫øn Th√†nh, 3 th√°ng 2, tr∆∞·ªùng ƒêH B√°ch Khoa, nh√† thi ƒë·∫•u Ph√∫ Th·ªç, b·ªánh vi·ªán 115, ch·ª£ Nh·∫≠t T·∫£o, ti·ªán √≠ch v√¢y quanh.

+ Gi√° b√°n 2.6 t·ª∑ th∆∞∆°ng l∆∞·ª£ng, ch·ªß c·∫ßn b√°n g·∫•p.

+ S·ªï h·ªìng ri√™ng, c√¥ng ch·ª©ng nhanh.

+ Li√™n h·ªá Mr Th√†nh ‚Äì sƒët/zalo: 0901.493.156"	16	4	S·ªï ƒë·ªè/ S·ªï h·ªìng	3	nan	nan	2 t·ª∑ 600 tri·ªáu
22/07/2024	Tin Th∆∞·ªùng	115833	Nh√† Qu·∫≠n 6 Ch·ªâ 3 T·ª∑ - DTSD >150m¬≤ - 5 T·∫¶NG BTCT - H·∫∫M 4M - AN NINH	Qu·∫≠n 6 , H·ªì Ch√≠ Minh	Ph∆∞·ªùng 14, Qu·∫≠n 6, H·ªì Ch√≠ Minh	"Nh√† Qu·∫≠n 6 Ch·ªâ 3 T·ª∑ - DTSD >150m¬≤ - 5 T·∫¶NG BTCT - H·∫∫M 4M - AN NINH
‚úÖ G·ªìm: 4 ph√≤ng ng·ªß, 4 tolet, ph√≤ng kh√°ch, b·∫øp.,,
‚úÖ V·ªã tr√≠: N·∫±m g·∫ßn Tr∆∞·ªùng h·ªçc c√°c c·∫•p, g·∫ßn ch·ª£, B·ªánh vi·ªán, U·ª∑ Ban Qu·∫≠n.,,
‚úÖ H·∫ªm 4m, c√°ch h·∫ªm xe h∆°i 1 cƒÉn.,
‚úÖ Khu v·ª±c: Khu v·ª±c an ninh y√™n tƒ©nh, d√¢n tr√≠ cao nh√† x√¢y d·ª±ng ƒë·ªìng ƒë·ªÅu.,,
‚úÖ Ph√°p l√Ω: Chu·∫©n, S·ªï h·ªìng c√¥ng ch·ª©ng 1p30s.

LI√äN H·ªÜ : 0974171700 - Ho√†ng Vi·ªát
CHUY√äN MUA B√ÅN K√ù G·ª¨I NH√Ä QU·∫¨N 5 - QU·∫¨N 6
NH√Ä GI√Å R·∫∫ ƒê·∫¶U T∆Ø !!"	32	4	S·ªï ƒë·ªè/ S·ªï h·ªìng	nan	nan	nan	3 t·ª∑
22/07/2024	Tin Th∆∞·ªùng	115834	B√°n nh√† H·∫∫M XE H∆†I TR√ÅNH T√ÇN HO√Å, ch·ªâ 4.6 T·ª∂, KHU AN NINH, Y√äN Tƒ®NH, D√ÇN TR√ç CAO	Qu·∫≠n 6 , H·ªì Ch√≠ Minh	ƒê∆∞·ªùng T√¢n H√≥a, 10	"B√°n nh√† H·∫∫M XE H∆†I TR√ÅNH T√ÇN HO√Å, ch·ªâ 4.6 T·ª∂, KHU AN NINH, Y√äN Tƒ®NH, D√ÇN TR√ç CAO

- Di·ªán t√≠ch : 3.95mx9.5m

-K·∫øt c·∫•u 3 t·∫ßng v·ªõi 3 PN , 3WC.

-H·∫ªm nh·ª±a 6m xe h∆°i tr√°nh, th√¥ng qua ƒê·∫∑ng Nguy√™n C·∫©n

Ms Tuy·ªÅn 0909.738.688 - Zalo 24/24 - T∆∞ v·∫•n ph√°p l√Ω - H·ªó tr·ª£ mi·ªÖn ph√≠"	38	nan	S·ªï ƒë·ªè/ S·ªï h·ªìng	4	nan	nan	4 t·ª∑ 600 tri·ªáu
22/07/2024	Tin Th∆∞·ªùng	115835	B√ÅN L√î G√ìC H∆Ø∆†NG GIANG - P15, QU·∫¨N 10 - 5 T·∫¶NG - 66M2 - 17,8 T·ª∂	Qu·∫≠n 10 , H·ªì Ch√≠ Minh	ƒê∆∞·ªùng H∆∞∆°ng Giang, 15	"M·∫∑t ti·ªÅn l√¥ g√≥c , 5 t·∫ßng, t·ªïng thu nh·∫≠p h∆°n 100 tri·ªáu/th√°ng.
Nh√† g·ªìm 1 tr·ªát, 1 l·∫ßu v√† 3 t·∫ßng, s√¢n th∆∞·ª£ng BTCT. T·ªïng c·ªông c√≥ 6 ph√≤ng ng·ªß v√† 6 ph√≤ng v·ªá sinh.
- **Hi·ªáu su·∫•t cho thu√™ cao:** T·∫ßng tr·ªát hi·ªán ƒëang kinh doanh v·ªõi thu nh·∫≠p cho thu√™ kho·∫£ng 50 tri·ªáu/th√°ng, t·ªïng thu nh·∫≠p h∆°n 100 tri·ªáu/th√°ng.
- **Ti·ªán √≠ch:** Nh√† r·ªông r√£i, c√≥ ch·ªó ƒë·∫≠u xe √¥ t√¥, kinh doanh ƒëa ng√†nh ngh·ªÅ. Th√≠ch h·ª£p m·ªü vƒÉn ph√≤ng, c·ª≠a h√†ng kinh doanh, spa, nha khoa, salon, nail,...
- **Kinh t·∫ø ph√°t tri·ªÉn:** N·∫±m trong khu v·ª±c kinh t·∫ø ph√°t tri·ªÉn m·∫°nh, c√°c tr·ª•c ƒë∆∞·ªùng ch√≠nh t·∫°o n√™n chu·ªói kinh doanh li√™n ho√†n.
- **Ph√°p l√Ω r√µ r√†ng:** S·ªï h·ªìng s·∫°ch, ph√°p l√Ω chu·∫©n, sang t√™n nhanh ch√≥ng.
**L√Ω do b√°n:** Ch·ªß nh√† chu·∫©n b·ªã ƒëi ƒë·ªãnh c∆∞ M·ªπ, c·∫ßn b√°n nhanh. C∆° h·ªôi v√†ng cho kh√°ch h√†ng c√≥ nhu c·∫ßu ƒë·∫ßu t∆∞, mang ti·ªÅn l√† mua ngay.
B√°n nh√† m·∫∑t ti·ªÅn kinh doanh Qu·∫≠n 10 gi√° t·ªët
Nh√† l√¥ g√≥c 2 m·∫∑t ti·ªÅn khu VIP B·∫Øc H·∫£i
Nh√† 5 t·∫ßng 66m2 Ph∆∞·ªùng 15, Qu·∫≠n 10
Nh√† ph·ªë kinh doanh c·ª±c ch·∫•t Qu·∫≠n 10
Nh√† m·∫∑t ti·ªÅn r·ªông r√£i c√≥ ch·ªó ƒë·∫≠u √¥ t√¥ Qu·∫≠n 10
B√°n nh√† khu VIP g·∫ßn c√¥ng vi√™n Tr·∫Øng Qu·∫≠n 10
Nh√† kinh doanh hi·ªáu su·∫•t cao 100 tri·ªáu/th√°ng Qu·∫≠n 10
B√°n nh√† g·∫•p ƒëi ƒë·ªãnh c∆∞ M·ªπ Ph∆∞·ªùng 15, Qu·∫≠n 10
Nh√† 6 ph√≤ng ng·ªß 6WC m·∫∑t ti·ªÅn Qu·∫≠n 10
Nh√† m·∫∑t ti·ªÅn Ph∆∞·ªùng 15, Qu·∫≠n 10 s·ªï h·ªìng ch√≠nh ch·ªß"	66	6	S·ªï ƒë·ªè/ S·ªï h·ªìng	6	nan	nan	17 t·ª∑ 800 tri·ªáu
22/07/2024	Tin Th∆∞·ªùng	115836	B√ÅN NH√Ä M·∫∂T TI·ªÄN ƒê∆Ø·ªúNG NGUY·ªÑN NG·ªåC L·ªòC - P14 - Q10 - 80M2 - 7,9 T·ª∂	Qu·∫≠n 10 , H·ªì Ch√≠ Minh	ƒê∆∞·ªùng Nguy·ªÖn Ng·ªçc L·ªôc, 14	"- **Ng√¢n h√†ng ƒë·ªãnh gi√° cao:** Ng√¢n h√†ng OCB ƒë·ªãnh gi√° 9 t·ª∑, ch·ªß nh√† ƒëang c·∫ßm ng√¢n h√†ng 5 t·ª∑, c·∫ßn b√°n g·∫•p.
- **Di·ªán t√≠ch:** T·ªïng di·ªán t√≠ch g·∫ßn 80m2, di·ªán t√≠ch c√¥ng nh·∫≠n tr√™n s·ªï 60m2.
- **K·∫øt c·∫•u:** Nh√† g·ªìm 1 tr·ªát v√† 1 l·∫ßu, v·ªõi 3 ph√≤ng ng·ªß v√† 3 ph√≤ng v·ªá sinh. C√≥ 2 m·∫∑t cho thu√™, t·∫°o d√≤ng ti·ªÅn ·ªïn ƒë·ªãnh.
- **Ph√°p l√Ω r√µ r√†ng:** S·ªï h·ªìng m·ªõi tinh nƒÉm 2024, ch√≠nh ch·ªß.

B√°n nh√† m·∫∑t ti·ªÅn Nguy·ªÖn Ng·ªçc L·ªôc Qu·∫≠n 10 gi√° t·ªët
Nh√† 80m2 m·∫∑t ti·ªÅn Ph∆∞·ªùng 14 Qu·∫≠n 10
Nh√† 2 t·∫ßng c√≥ d√≤ng ti·ªÅn Qu·∫≠n 10
Nh√† ch√≠nh ch·ªß s·ªï h·ªìng 2024 Qu·∫≠n 10
B√°n nh√† g·∫•p ƒë∆∞·ªùng Nguy·ªÖn Ng·ªçc L·ªôc Ph∆∞·ªùng 14
Nh√† m·∫∑t ti·ªÅn kinh doanh Nguy·ªÖn Ng·ªçc L·ªôc Q10
Nh√† 3 ph√≤ng ng·ªß 3WC Qu·∫≠n 10
B√°n nh√† d∆∞·ªõi gi√° ng√¢n h√†ng ƒë·ªãnh gi√° Qu·∫≠n 10
Nh√† m·∫∑t ti·ªÅn Ph∆∞·ªùng 14 Qu·∫≠n 10 ch√≠nh ch·ªß
Nh√† m·∫∑t ti·ªÅn Ph∆∞·ªùng 14 Qu·∫≠n 10 ch√≠nh ch·ªß"	80	2	S·ªï ƒë·ªè/ S·ªï h·ªìng	2	nan	nan	7 t·ª∑ 900 tri·ªáu
22/07/2024	Tin Th∆∞·ªùng	115837	76m - D∆∞∆°ng Th·ªã M∆∞·ªùi - HXH - 3.45 t·ª∑	Qu·∫≠n 12 , H·ªì Ch√≠ Minh	ƒê∆∞·ªùng D∆∞∆°ng Th·ªã M∆∞·ªùi, T√¢n Ch√°nh Hi·ªáp	"- Di·ªán t√≠ch: 4 x 19 - D∆∞∆°ng Th·ªã M∆∞·ªùi
- ƒê∆∞·ªùng xe h∆°i th√¥ng
- Nh√† 4 T·∫ßng - 4 PN - 4 WC
- Gi√° 3.45 t·ª∑"	76	4	S·ªï ƒë·ªè/ S·ªï h·ªìng	4	nan	nan	3 t·ª∑ 450 tri·ªáu
22/07/2024	Tin Th∆∞·ªùng	115838	Cho thu√™ nh√† - vƒÉn ph√≤ng h·∫ªm 7m S∆∞ V·∫°n H·∫°nh, c√°ch V·∫°n H·∫°nh mall 250m, 400m2, 4 t·∫ßng. Th∆∞∆°ng l∆∞·ª£ng	Qu·∫≠n 10 , H·ªì Ch√≠ Minh	ƒê∆∞·ªùng S∆∞ V·∫°n H·∫°nh, 10	"- Cho thu√™ nh√† ri√™ng - vƒÉn ph√≤ng t·∫°i h·∫ªm S∆∞ V·∫°n H·∫°nh, c√°ch V·∫°n H·∫°nh Mall 350m.
- N·∫±m t·∫°i trung t√¢m qu·∫≠n 10, n√™n thu·∫≠n ti·ªán di chuy·ªÉn, kinh doanh, giao th∆∞∆°ng v·ªõi c√°c qu·∫≠n.
- H·∫ªm 7m, khu kinh doanh s·∫ßm u·∫•t, t·∫≠p trung nhi·ªÅu vƒÉn ph√≤ng, Spa, salon, m·∫Øt k√≠nh...
- M·∫∑t ti·ªÅn 7x15m, g·ªìm: 3 t·∫ßng, 1 s√¢n th∆∞·ª£ng, 1 tum.
- T·ªïng di·ªán t√≠ch s·ª≠ d·ª•ng: 400m2, chia th√†nh 1 kh√¥ng gian s·∫£nh l·ªõn t·∫ßng tr·ªát, garage g·ª≠i xe, 5 ph√≤ng 50m2, 2 ph√≤ng ph·ª• 15m2, b·∫øp.
- Th√≠ch h·ª£p l√†m vƒÉn ph√≤ng, spa, nha khoa, nail, salon, kinh doanh, kho b√£i."	400	5	S·ªï ƒë·ªè/ S·ªï h·ªìng	6	nan	nan	60 tri·ªáu/th√°ng
